DisbursedDate,AmountDisbursed
09/12/2016,488865
16/11/2016,406827
24/01/2017,122139
04/02/2016,314004
16/02/2017,220497
28/04/2017,507308
15/12/2016,55488
21/04/2016,206124
06/06/2016,243726
31/08/2016,526742
04/05/2017,468571
07/04/2016,308903
22/07/2016,120747
24/10/2016,342313
31/05/2016,220962
10/05/2017,152720
04/04/2016,256770
27/04/2016,137027
15/02/2016,363683
25/11/2016,290073
07/02/2017,144795
28/03/2017,365204
09/03/2016,269087
17/05/2016,291082
25/08/2016,134073
13/10/2016,211002
29/03/2016,428865
23/09/2016,76938
30/05/2017,251521
05/08/2016,219807
11/04/2017,92453
07/10/2016,257080
23/06/2016,112569
29/06/2016,80132
27/02/2017,264871
15/03/2016,44863
21/03/2016,279873
11/08/2016,372459
24/05/2017,236770
03/06/2016,91060
11/05/2016,328584
21/10/2016,284430
27/01/2017,361119
18/04/2016,336646
16/03/2017,325865
06/12/2016,364757
29/12/2016,78076
13/02/2017,152741
18/05/2017,40598
31/03/2017,255494
13/07/2016,278120
12/12/2016,501194
24/02/2016,327724
27/10/2016,456802
19/07/2016,103840
22/03/2017,43228
02/03/2017,325427
10/10/2016,94116
18/02/2016,547655
02/11/2016,309652
12/01/2017,288743
20/04/2017,59507
01/04/2016,404006
14/09/2016,452136
20/09/2016,44739
22/08/2016,150770
23/12/2016,65822
10/02/2017,265186
20/05/2016,112864
02/08/2016,226888
18/01/2017,479544
20/06/2016,49256
24/02/2017,396421
08/03/2017,111857
04/10/2016,259388
22/11/2016,444571
08/08/2016,424155
04/01/2017,395366
18/03/2016,295041
29/09/2016,321090
27/06/2016,360549
25/05/2017,333331
14/11/2016,544890
02/05/2017,267396
12/05/2016,531181
07/12/2016,506444
19/04/2016,104150
30/12/2016,546323
04/03/2016,89308
26/04/2017,262621
10/02/2016,516328
03/04/2017,443284
14/07/2016,123733
28/10/2016,203957
19/05/2017,485207
12/09/2016,432245
13/04/2016,458656
17/03/2017,471512
23/03/2017,465821
19/02/2016,110432
30/01/2017,163045
06/09/2016,140465
15/06/2016,549969
23/05/2016,337746
13/01/2017,396078
03/03/2017,52940
25/04/2016,178280
05/07/2016,310518
11/07/2016,398773
28/07/2016,206557
03/08/2016,227717
15/09/2016,154800
07/03/2016,259744
23/08/2016,419759
01/12/2016,85656
19/01/2017,465634
05/10/2016,527477
03/05/2016,533331
21/06/2016,298447
17/08/2016,281831
11/11/2016,293567
17/11/2016,276467
14/03/2017,501061
09/05/2016,489302
06/04/2017,118111
01/03/2016,467434
24/03/2016,239242
22/05/2017,67219
22/04/2016,61113
20/03/2017,534214
26/05/2016,117138
07/06/2016,378514
05/05/2017,291885
25/07/2016,171941
19/10/2016,258422
31/10/2016,200419
16/05/2017,164217
09/09/2016,207297
01/06/2016,257060
02/02/2017,204880
22/02/2016,124813
25/10/2016,217934
08/07/2016,360964
21/12/2016,169631
28/11/2016,402746
10/03/2016,121396
08/02/2017,90668
16/02/2016,180223
05/04/2016,339853
16/01/2017,170696
26/08/2016,427692
08/11/2016,204453
30/03/2016,171379
12/04/2017,502033
02/02/2016,263672
26/09/2016,180749
10/01/2017,126508
22/02/2017,282635
28/02/2017,276790
16/03/2016,457853
06/05/2016,108997
24/06/2016,67518
10/05/2016,317867
20/07/2016,164891
07/04/2017,418618
02/06/2016,482156
20/02/2017,236189
15/03/2017,481530
08/02/2016,129928
02/03/2016,52834
14/02/2017,375493
09/03/2017,374628
26/07/2016,148243
27/05/2016,50043
05/12/2016,150081
17/05/2017,171636
12/07/2016,383686
20/10/2016,385066
25/02/2016,82885
03/02/2017,442067
08/05/2017,174537
11/04/2016,488620
13/12/2016,538145
17/02/2016,126356
01/08/2016,540040
11/10/2016,332935
03/11/2016,193869
22/12/2016,297835
11/03/2016,152699
21/04/2017,284857
17/01/2017,289830
21/09/2016,488220
31/03/2016,332887
13/06/2016,324678
29/11/2016,119454
09/11/2016,406070
23/11/2016,438012
05/01/2017,507698
11/01/2017,180367
09/08/2016,332278
15/08/2016,201783
27/09/2016,212481
03/10/2016,89357
23/02/2017,357914
05/02/2016,247000
15/11/2016,240376
22/03/2016,443629
17/02/2017,545152
25/01/2017,513477
04/04/2017,80493
20/04/2016,320610
27/04/2017,60954
11/02/2016,397409
17/10/2016,283318
16/12/2016,99592
01/09/2016,415412
13/09/2016,206273
08/04/2016,414501
14/04/2016,425550
07/09/2016,375755
11/05/2017,484371
31/01/2017,120123
28/04/2016,195884
18/04/2017,178275
16/06/2016,311544
24/05/2016,190561
19/12/2016,209477
06/02/2017,292810
29/07/2016,71768
14/10/2016,455561
29/03/2017,169338
08/03/2016,378567
06/03/2017,298067
10/06/2016,40392
02/12/2016,232788
18/05/2016,69450
06/07/2016,214775
24/08/2016,223843
04/05/2016,164880
24/04/2017,53019
30/06/2016,199697
18/08/2016,70803
10/04/2017,139235
22/06/2016,253090
12/08/2016,317124
30/09/2016,190836
29/02/2016,524677
26/01/2017,372362
03/01/2017,454446
15/04/2016,390492
13/03/2017,364403
23/03/2016,234829
05/04/2017,322274
23/05/2017,188726
23/02/2016,50318
20/01/2017,263992
01/02/2017,310551
12/02/2016,113965
08/06/2016,90751
18/10/2016,209203
25/05/2016,157850
26/10/2016,180757
02/09/2016,256165
08/09/2016,305530
18/07/2016,142305
21/03/2017,300590
19/04/2017,350245
12/05/2017,481603
06/04/2016,542867
20/12/2016,249867
01/03/2017,360089
29/04/2016,385127
17/06/2016,261079
19/05/2016,532322
01/11/2016,238525
07/11/2016,85851
09/02/2017,462083
30/03/2017,385301
07/07/2016,142467
19/09/2016,335498
07/03/2017,105464
19/08/2016,448051
13/04/2017,325970
25/04/2017,214821
21/11/2016,476619
28/12/2016,49197
09/01/2017,75296
01/07/2016,326928
21/02/2017,302626
17/03/2016,376600
05/05/2016,133188
21/07/2016,161361
28/06/2016,492925
08/12/2016,112035
26/05/2017,62410
03/02/2016,46183
03/05/2017,60780
03/03/2016,442742
13/05/2016,288010
23/01/2017,446855
15/02/2017,426458
10/03/2017,317859
09/02/2016,549133
15/07/2016,216562
27/07/2016,540037
30/08/2016,126369
26/02/2016,279260
24/03/2017,440072
12/04/2016,376675
14/12/2016,53629
05/09/2016,42786
09/05/2017,435223
04/11/2016,375745
14/06/2016,348113
27/03/2017,131957
15/05/2017,180782
04/08/2016,374358
26/04/2016,434190
04/07/2016,406447
16/09/2016,417107
12/10/2016,431703
30/11/2016,442742
16/05/2016,207098
10/11/2016,387309
22/09/2016,306197
06/10/2016,549567
24/11/2016,476635
10/08/2016,490745
16/08/2016,202837
14/03/2016,467915
28/09/2016,528349
18/11/2016,335450
06/01/2017,154340
31/05/2017,299465
01/06/2017,472324
02/06/2017,338874
